{
  "latency": {
    "llama-3.3-70b-versatile": {
      "avg_ms": 219.6477254231771,
      "min_ms": 165.79294204711914,
      "max_ms": 247.88522720336914,
      "median_ms": 245.26500701904297,
      "samples": 3
    },
    "gpt-4o": {
      "avg_ms": 669.3550745646158,
      "min_ms": 450.98233222961426,
      "max_ms": 836.4450931549072,
      "median_ms": 720.6377983093262,
      "samples": 3
    }
  },
  "model_switching": [
    {
      "from": "llama-3.3-70b-versatile",
      "to": "gpt-4o",
      "time_from_ms": 256.5419673919678,
      "time_to_ms": 1088.4029865264893,
      "overhead_ms": 831.8610191345215
    },
    {
      "from": "gpt-4o",
      "to": "sonar-pro",
      "time_from_ms": 1494.602918624878,
      "time_to_ms": 4976.211071014404,
      "overhead_ms": 3481.6081523895264
    },
    {
      "from": "sonar-pro",
      "to": "claude-3-5-sonnet-20241022",
      "time_from_ms": 4292.817115783691,
      "time_to_ms": 262.38179206848145,
      "overhead_ms": 4030.43532371521
    }
  ],
  "timestamp": "2026-04-19T21:20:00.605431",
  "throughput": {
    "successful_requests": 64,
    "total_duration_sec": 10.007447004318237,
    "throughput_req_per_sec": 6.3952374638990195,
    "avg_latency_ms": 156.3647836446762,
    "p95_latency_ms": 193.33696365356445
  }
}